id;language;year;status;type;comment;date
1;Kingdom e-tailers leading-edge;66037;multimedia;multimedia;cross-platform Falkland Games;2023-06-03
2;array Bedfordshire deposit;88626;Applications Branch;multimedia;override Soap;2023-06-03
3;Islands;35310;tertiarymultimedia;;Producer calculating;2023-06-02
4;Liaison Uganda SCSI;94042;payment deposit;multimedia;Agent Alaska connecting;2023-06-03
5;Avon;84393;24/7 Pennsylvania Granite;multimedia;cutting-edge Plastic Customer;2023-06-03
6;Grocery partnerships synthesizing;31099;action-items Loan multi-byte;multimedia;Frozen encoding;2023-06-02
7;orchestrate;27187;Identity reboot;multimedia;Cotton;2023-06-03
8;Berkshire;33508;Program JBOD Won;multimedia;Plastic Loan;2023-06-03
9;Facilitator;69210;Cambridgeshire context-sensitive Generic;multimedia;Uruguay;2023-06-03
10;payment;23496;Loan Fresh Colorado;multimedia;24/7 Account Account;2023-06-02
